Name,Postcode,Experience/100,Qualifications/100
Tim Carter,PE228BD,93,100
Sheila Smith,WN3 6SE,77,82
Kelly Smith,NW8 8SR,23,29
Shane Montes,HD5 9XS,46,39
Tonya Coleman,SG6 1BN,52,37
Elizabeth Casey MD,E2  9SW,27,91
Julie Torres,CB109FS,28,62
John Baldwin MD,NW6 5AT,25,85
Leslie Pham,SN3 1AD,57,67
Andrew Mills,GL515SA,79,71
Dawn Browning,NE3 3JF,75,32
Sarah Richardson,SW197AG,48,53
Heather Escobar,S43 9BT,95,59
Juan Smith,YO411AE,32,82
Kristen Lutz,CO6 5DZ,90,88
Debbie Randolph,SA115NJ,100,98
Veronica Phillips,BA2 7GL,75,31
Kelly Oconnell,NP113AY,100,28
Theresa Torres,SN251TE,30,58
Jessica Stokes,TR261BJ,82,75
Timothy Walton,PA872QJ,34,77
Michael Williams,YO2 5NG,64,28
Brooke Nelson,KT153EJ,75,50
Sarah Johnson,CW6 9JG,89,34
Danielle Thomas,HD1 3SB,41,38
Michelle Sanders,GU2 5PX,91,43
Tonya Hunt,GU266ZQ,25,69
Teresa Graves,LA3 2JN,41,89
Tanya Hendrix,M20 6AF,73,46
Natalie Williams,DH4 6QA,56,68
Adam Ponce,PO139PP,44,40
Maria Wilson,HD9 3AD,50,42
Erik Lang,L45 8LJ,36,38
Jose Lee,SO507BN,99,56
Ricardo Green,BS348WY,76,99
James Potter,NG9 6QH,58,95
Natalie Blake,NE226AB,55,93
Kevin Gardner,CB102EE,41,83
Sarah Wolfe,PL255HQ,54,36
Joshua Lester,G5  0AF,35,26
Crystal Conrad,IG1 1WL,76,77
Erin Cummings,TA7 8LG,80,61
Tyler Jordan,DE119AA,31,81
Mitchell Mcbride,DE5 3JE,84,73
Alexandra Brown,NP7 0PW,52,73
Carrie Jefferson,NN136DJ,84,84
Jay Walters,YO6 2YY,55,60
Kaitlyn Anderson,CB224QW,89,74
Andrew Smith,PE188LJ,91,65
Brittany Johns,CR3 2QD,55,55
Abigail Hopkins,NE1 4EH,81,98
Kaitlyn Welch,EN7 6XT,24,34
Melanie Simpson,BD220JB,73,46
Mary Arnold,BH129LG,51,51
Craig Flores,CF627RH,49,30
Melanie Anderson,BT162SQ,50,69
Mark Gonzalez,CT5 2JX,80,65
Leah Miller,CA191YR,71,90
Susan Martinez,AB2 6RW,74,68
Rickey Krueger,IG6 1WY,86,93
James Perry,BS216YH,84,57
Justin Brown,BB6 9DJ,65,93
John Mendoza,SO165PD,21,25
James Holmes,OX495ED,39,28
Mrs. Nancy Crawford,BT192NU,49,66
Deborah Leonard,HU170SW,71,48
Crystal Carter,OX296AD,47,59
Miss Annette Orr PhD,TQ1 2BU,59,82
Philip Wu,EX2 9JP,31,90
Mrs. Sarah Hebert,FY3 7WS,27,53
Wesley Norton,RG170BN,47,55
Julie White,CV7 9NU,92,56
Steven Brown,BA3 4RD,64,32
Robert Fischer,LD3 8PU,83,94
Debra Morris,SY8 1TH,42,62
Paul Roberts,IV253TD,86,88
Nathan Ryan,PA296YG,38,51
John Washington,NE296LP,37,92
Johnathan Cortez,NW6 6WR,27,81
Theodore Bray,EH166ST,55,32
Gabriella Mclean DDS,FK5 4JW,84,72
Joseph Kidd,HP225GF,29,53
Elizabeth Gibson,RG179QX,90,48
Henry Jacobs,CR8 3AA,83,91
Brenda Long,SO518AW,97,59
Travis Martin,CV350ZH,57,87
James Gray,OL4 2FR,49,68
Courtney Casey,IV360WH,50,59
Clifford Hernandez,WA4 4TG,54,61
Bobby Lewis,YO8 1SJ,33,65
Gregory Cherry,N17 6EF,48,80
Jean Estrada,SS6 7EW,75,55
Rodney Lawrence,EH106SF,100,50
Jasmine Taylor,TD6 0DN,25,68
Brian Henry,JE2 3YY,23,54
Joseph Hayes,W1A 8UP,78,60
Sabrina West,SO233BW,49,80
Carla Moody,N14 6AQ,21,20
Jessica Flores,HU179SJ,37,80
Jared Wagner,BA3 6JZ,22,28
Christina Price,KT198TG,96,33
Lori Brooks,DN5 8QQ,55,43
John Davis,PE291PD,46,22
William Herring,NG101FP,35,70
Ashley Bird,HD9 6NE,92,79
Greg Lambert Jr.,SA153ST,96,20
Ashley Fields,DE143LS,60,35
Benjamin Kirby,BT365DR,86,53
Jonathan Wilcox,FK101NT,99,83
Michael Knight,CR8 9BH,23,75
Jason Martinez,BB119SE,30,54
Brian May,SO4 8RL,72,69
Renee Fields MD,KT109AF,72,27
Patricia Andrade,NN171YW,20,63
Bobby Bryant,BT161BJ,61,56
Michelle Morris,RM141HN,63,42
Sarah Graham,PH2 7UE,36,96
Andrew Watson,CM1 2XS,44,72
Marco Gonzalez,SG6 3JP,64,82
Justin Page,SA487DX,75,97
Alejandro Fischer,ME2 3BN,59,96
Whitney Thornton,CM9 8SX,40,47
Susan Duke,CM1 4TE,100,50
Dana Marsh,BA147EG,62,40
Robert King,NE5 2HQ,41,40
Angela Evans,CF643EG,99,41
Raymond Odom,B4  6DG,92,24
Alyssa Howe,ME145WJ,62,32
Deanna Bennett,B20 1HX,77,33
Robert Miller,CA280TP,39,27
Joyce Pena,G46 8DT,88,71
Leah Hernandez,LU6 2EL,94,35
Michael Thornton,NG321NT,61,59
Jose Wheeler,E1  2FN,81,44
Rodney Santana,SK109AL,22,55
Caleb Werner,CO154RH,25,43
Sara Murray,DG2 0AR,63,29
Amanda Thornton,M19 3JQ,99,90
Jared Murphy,SW7 4XU,28,65
Mary Flores,DL132HU,48,100
Alexander Benitez,E8  3EW,61,30
Maurice Smith,RH199DJ,57,75
Jenny Ward,UB9 5HA,30,21
Carly Davis,TS183RH,25,52
Joshua Hill,CA286LU,30,29
Abigail Yu,CV211TB,73,94
Ms. Kelly Maddox MD,DE3 7AW,48,43
Michael Preston,N1  4RX,91,33
Catherine Munoz,NG169BX,76,79
Hector Mcneil,CV349BU,93,31
Shirley Griffin,LN6 7QH,35,26
Laurie Floyd,RG116SB,28,27
Rodney Cole,WR109AU,40,46
Matthew Mcknight,WC1X8PH,33,21
Tanner Hughes,SK1 3WX,53,87
Molly Henderson,SW5 9ED,57,79
Brian Harris,LN4 1HS,74,53
Hannah Dennis,N16 8EP,22,20
Alan Orozco,IM2 3BZ,67,31
Edward Diaz,CW5 5UX,24,25
Wesley Adams,EX166WD,74,81
Teresa Lowe,SE5 9DL,64,27
Monica Harrison,CH8 7AS,61,100
Carlos Davidson,PL8 2JJ,48,82
Katrina Williams,WD173DB,47,89
Craig Hamilton,B14 7BE,81,65
Ronald Miller,BN237WB,89,24
Erica Reynolds,DN110NN,98,88
Michael Richard,LA158XF,95,85
Brian Howard,RM8 2JA,52,66
Joshua Salazar,BS154HY,39,27
William Young,SL2 2JN,26,21
Scott Smith,LA4 5PN,94,87
Anne Mitchell,CH499DP,83,98
Maria Cooper,LA5 0TJ,54,62
Kayla Watkins,DA125HB,50,30
Ronald Burke,YO7 3LD,96,43
Colton Daugherty,RG8 0WF,92,59
Manuel Garcia,E4  8SY,33,30
Donald Martin,M10 6UA,27,27
Tonya Wolfe,WR2 4BW,58,57
Angelica Perez,BA140EZ,39,93
Thomas Marshall,B80 7EF,47,45
Patrick Vang,PO108LB,63,68
Lisa Andrews,MK9 2ZN,91,84
Tamara Fuentes,PO369NW,51,28
Ronald Pearson,UB3 2PB,82,83
Brenda Ray,CV471GH,66,26
Katherine Griffin,TW5 0NH,88,97
Barry Ibarra,ME9 8HU,52,93
Alyssa Wise,M20 8RA,76,70
Eric Taylor,SR4 9HZ,86,26
Eugene Williams,CF145AE,60,26
Hannah Rodriguez,DE4 4ZD,52,30
William Hill,B97 5ZG,36,81
Amber Owens,DL178HZ,54,65
Kevin Curtis,CV6 5BF,30,58
Danny Roth,NW1 3DL,97,93
Matthew Jones,CM4 0RS,34,20
Sabrina Kelly,TF7 4WR,75,79
Amy Rivas,B11 9AZ,20,85
Laura Garcia,NR339AZ,64,33
Michael Gonzalez,BA127NB,47,54
Sheryl Lutz,SK109UB,52,32
Richard Martinez,SS6 8NR,48,86
Tiffany Gonzales,DN6 9HS,51,81
John Villanueva,EX122YU,83,47
Lucas Contreras,L33 7YU,47,70
Tyler Scott,BB6 8DH,67,35
Brian Rodriguez,CA6 4EG,35,71
Alexandra Hunt,TW3 2TF,71,24
Sandra Willis,FK4 1AS,75,33
Dana Tucker,SA659UA,47,24
Brenda Sampson,LS212NU,54,87
Keith Baker,CF481YR,85,94
Victoria Adams,BS273FD,56,64
Jill Lutz,WF3 4PU,27,74
Jessica Kim,BD1 9ES,96,56
Jeffrey Hunt,RG9 9AG,93,84
Leah Guerrero,CR8 3PE,29,34
Bryan Gibson,N7  7EU,82,70
Steven Cabrera,CO153NT,65,22
Mary Estrada,GL519TX,77,96
Jason Thompson,PE235EY,87,39
Jenna Cook,OL1 9PE,50,57
Michael Guerrero,SE185NF,39,23
Joann Villarreal,CB5 0WP,68,60
Russell Mills,CH4 8HN,33,74
Dr. Logan Garcia PhD,YO112JL,30,93
Theresa Craig DDS,IG104JF,67,72
Matthew Turner,YO8 5RG,49,36
William Dean,SA6 7LR,24,65
Justin Rios,SO4 0FH,68,98
Ashley Dodson,LE5 0FS,25,98
Steven Pierce,NP4 0ZB,89,54
Meghan Cruz,HU5 5AB,93,56
Richard Mack,GL5 5BT,61,59
Alex Thompson,HD6 1HH,39,81
Ashley Tucker,PR3 3AX,44,90
Alexandra Page,LA7 7LR,77,100
Joseph Weeks,B74 3AP,77,70
Lindsey Walker,G9  2JN,71,46
Allison Williamson,CA110LR,77,27
Kelly Fuller,CW8 1EQ,93,95
Jennifer Romero,BA126XQ,48,49
Jose Cruz,CT195TX,57,28
Amber Adams,TS123AL,46,29
Laura Roman,PL4 8AB,80,87
Leslie Ellis,AB115BN,50,58
Veronica Bowman,PL268XR,50,91
Kristin Holmes,TN233JF,21,24
James Lane,BD111JE,73,42
James Valdez,CF2 3SN,79,51
Phillip Contreras,DN1 2SR,57,22
Michael Lara DVM,WD194NA,27,82
Thomas Love,FK2 0NQ,65,90
Megan Miranda,HP229QH,95,32
Jennifer Prince,SS170AE,60,80
Cristina Taylor,PO6 4BZ,93,53
Tony Galloway,AL3 7PR,96,37
Christopher Mcintyre,IV306DS,20,66
Nathan Olson,RG316JX,83,67
Marc Randolph,W1P 0JA,68,81
Curtis Wolfe,YO1 3DN,90,93
Crystal Anderson,SG192BT,57,99
Courtney Bates,WS9 1AQ,41,68
Andrew Li,NE9 6UZ,51,42
Taylor Gomez,S3  8RA,42,40
Johnathan Reilly,M29 7EZ,78,68
Zachary Davis,SY5 6JS,71,98
Courtney Whitney,W10 6HZ,50,43
Taylor Steele,M9  0PJ,66,98
Erica Holland,DN228PR,44,63
Rachel Taylor,L46 1RG,88,35
Nathaniel Mercado,TA146PA,70,86
Cheryl Wilson,GU314HD,41,81
Thomas Haley,W3  8QU,72,31
William White,BB185BE,54,95
Catherine Leonard,HX5 9WY,94,61
Diane Woodward,ML1 3BE,74,99
Allison Mcknight,BT808TS,96,39
Andrew Lee,DY9 7JZ,42,78
Roger Lopez,OX7 3NF,90,41
Jared Harris,KT152JL,42,28
Jennifer Jones,YO254WU,20,58
Sean Warren,W14 9EA,34,93
James Stevens,LU7 2AT,33,27
Betty Salazar,EC1V4JX,29,49
Tamara Thomas MD,GL128FD,88,79
Ryan Dunn,FK166JD,20,95
Rebecca Graves,NR147NT,80,91
Dr. Antonio Turner MD,OL2 5PT,91,22
Matthew Newton,NG2 5NP,73,72
Glenn Mitchell,SL4 3EY,33,98
Rick Spencer,PA159DU,43,84
Julia Strong,PO3 6EH,99,48
James Richardson,W4  9BR,39,100
Wanda Murphy,B73 9UR,25,58
Charlotte Long,SO517XB,69,73
Tracy Anderson,OL4 1JT,54,86
Austin Adams,LL145BB,66,47
Christopher Christensen,AB9 8BP,45,33
Matthew Spence,CF642XF,59,89
Kathryn George,ME9 0RU,70,77
Heather Stevens,WF119HS,36,95
Aaron Brewer,CH7 4QF,55,49
Courtney Dougherty,LA1 4WJ,48,51
Janet Webb,SW6 4JA,88,20
Crystal Martin,NR301HN,52,68
Miss Jennifer Lee,NN3 8QD,23,70
Audrey Burton,LS158DD,40,53
Sharon Garcia,B60 1BW,21,28
Emily Anderson,NE291TB,61,87
Dana Johnson,OL2 8BG,98,76
Matthew Perez,NR319HS,63,27
William Kline,BS125UB,28,84
Kelly Jones,LA144RH,84,65
Joshua Martin,DE7 1EX,92,75
Molly Dixon,TN231WW,38,72
Alexis Stevens,HP123RQ,95,76
Mary Thompson,BT715BS,51,55
James Wilson,IG8 0YA,20,49
Hannah Jackson,PL1 2TJ,47,36
Sarah Gordon,NE164RE,91,32
Lindsay Mosley,RG3 5FB,65,33
Alejandro Massey,NE346RT,28,94
Nathan Silva,HD8 0EG,90,53
Todd Scott,EX4 5BE,69,52
Shelia Smith,B40 1QB,50,60
Jason Hart,PO108TT,77,80
Megan Khan,OL2 7XN,92,46
Patricia Jones,SK144PX,74,84
Richard Griffith,IV361RA,64,42
Melissa Evans,NR280PJ,52,42
Michael Torres,PH7 3JX,62,39
Nicole Benjamin,BR1 9XH,61,64
John Thornton,HR2 8SG,92,25
Jessica Shaw,SN5 8AE,42,66
Linda Scott,PL9 7PJ,48,28
Gary Brooks,WF2 8BD,91,43
Donna Boyle,OX495PD,94,100
Sarah Carlson,TF7 5HN,31,60
Dr. Kevin Sloan,LA142UP,47,43
Vickie Cisneros,E13 9ES,20,37
Raymond Lee,CH3 8LS,90,70
Gregory Freeman,NG185QX,61,23
Yolanda Lynch,SW170EG,68,52
Janet Odom,BN124US,64,97
Kimberly Wilcox,RG170LP,72,99
Micheal Andersen,LE1 6YQ,88,55
Amanda Espinoza,BT636NS,69,97
Scott Ellis,LE4 7ZB,31,63
Kimberly Mccoy,KY129RN,37,59
Jonathan Parsons,FK2 9YD,45,85
Autumn Wang,CV2 2UU,88,39
Sheena Quinn,WA1 1SW,41,89
Lisa Mccann,NR1 1EZ,94,76
Frank Watts,EN2 7DU,34,60
Haley Smith,CF629XN,81,85
Tara Randolph,SY8 1XD,68,25
Carolyn Parsons,CV1 5SD,78,94
Kathryn Rivera,GU195LX,20,56
Claire Craig,PE318NR,49,74
Catherine Wright,NG2 5AB,80,23
Heather Jones,SE233GX,74,53
Sophia Dougherty,AB9 1ES,44,87
April Yates,EX9 6RS,29,69
Amanda French,TQ6 0DU,96,83
Kimberly Miller,DL104XF,75,54
Christopher Peterson,BB7 9JP,67,48
Kristen Dudley,DE557PF,99,53
Stephanie Powers,S70 2DF,97,21
James Shepard,B72 1QA,57,89
Thomas Thompson,BD4 8SA,32,37
Brad Jones,DH7 7WA,71,25
Jessica Gross,S65 3BB,40,79
Chad Yoder,SE208HQ,92,47
Mason Davenport,DN215XB,55,87
Samuel Ramirez,YO125EA,39,67
Jill Hoover,TN110NT,71,57
Megan Sutton,BL8 1TJ,59,43
James Harper,LS170EW,97,80
Michael Haley,BA111EN,25,97
Sally Shepherd,E10 5TD,58,44
Linda Chang,NW6 6RN,22,50
David Mccall,PR6 0PX,61,46
Brooke Sellers,PA2 7BZ,36,58
Stephanie Franklin,LS278GD,76,47
Charles Moss,M9  4DE,41,22
Ryan Spencer,EH545NF,48,20
Matthew Wright,LE652GN,59,35
Michael Randall,EX5 2SS,48,24
Charles Ray,TQ6 0RN,34,58
Morgan Briggs,ST2 8PN,20,44
Jake Thompson,B28 0LH,53,65
Adrian Brown,NE6 4SN,58,64
Andrew Jordan,M34 7EJ,77,79
Diane Sullivan,BD239BT,88,33
Benjamin Gonzalez,AB427RN,54,26
James Foley,WA3 4DU,48,93
Amber Brown,YO4 3PH,67,53
Michael Sanchez,SS118DR,63,21
Kimberly Coleman,N17 6ET,40,83
Joshua Riley,SA726TL,88,50
Tammy Taylor,LS177XA,93,82
Veronica Hamilton,B2  2GQ,31,26
George Silva,PA4 0XA,75,54
Russell Spencer,CM179GH,48,40
Allison Stevenson,SE9 3PU,58,100
Timothy Delacruz,SA678DX,92,54
Jared Owens,SN110AJ,32,39
David Schultz,BD6 1JX,94,29
Travis King,WC1A2DB,21,89
Calvin Lewis,TS3 7HU,64,83
Kristina Williamson DVM,CM9 7XE,81,61
Timothy Smith,SO189BJ,20,28
Robert Short,AB553XY,93,71
Amy Patterson,OX201RB,83,48
Calvin Brown,DN2 4AE,43,42
Brittany Simpson,L14 2DT,67,92
Stephanie Ochoa,B61 8HG,97,63
Michael Willis,B47 5WN,44,46
Kelly Martinez,SP118YF,52,34
Lindsay Mcdaniel,AB217BZ,36,93
Debra Nelson,BN279UF,100,100
Christopher Cooper,BA3 2XP,96,22
John Tucker,UB8 2TE,60,34
Christina White,BT403EZ,87,29
Alicia Shepherd,TS1 9HH,66,26
Mr. Aaron Strong MD,WD171QE,33,94
Sara Bishop,B3  1SY,51,41
Melinda Daniels,BT941BD,68,39
Michael Ho,TS254NS,44,84
Lindsay Allen,SA9 1YR,30,21
Bryan Welch,BD211BJ,45,45
Andrea Owen,SK116WA,71,93
Christian Stokes,DN174AE,24,59
Willie King,M31 2WD,32,33
Kelly Duncan,SM3 9QF,73,67
Karen Alvarez,DG130JW,52,56
Dr. Amy Ruiz DVM,CT5 1NX,66,57
Lauren Simmons,LE9 9EQ,52,46
Jennifer Hernandez,KY6 2SH,76,63
Tina Rowe,WA155LW,73,87
Jason Fox,SL4 4DX,68,88
Christine Cross PhD,NR148NY,69,32
Margaret Day,N1P 3NE,63,67
Cindy Howell,M24 6AG,49,70
Jamie Russell,CF238NL,96,87
Samantha Terrell,NE477BJ,24,48
Amanda Jackson,PE317UU,99,82
Greg Guerra,G51 3LJ,33,67
Michael Thomas,M46 9JW,48,24
Steven Castro,OL147SW,46,27
Victoria Wilson,CH5 3LF,98,50
Mr. Christopher Howell,PE280QU,70,76
Melinda Nelson,LL328BS,98,51
Amanda Barnes,WD3 1DP,98,100
Brandy Riley,KT146EF,71,34
Stephen Atkinson,UB8 2QA,90,98
Corey Mcdonald,WF160PX,35,96
Drew Perry,GU144BR,34,56
Joshua Hunt,SO506BU,84,47
Robert Mcdonald,SW3 4BE,90,50
Tricia Arnold,NR151JT,74,33
John Williams,BN219DZ,95,37
Cathy Young,RG212LP,32,39
Carl Wilson,BH110ET,98,47
Katie Smith,KT3 4XB,70,73
Matthew Chase,NG4 2BT,51,93
Steve Wolf,DD2 9BQ,43,96
Terri Carter,CF117AJ,85,24
Joanna Cunningham,S30 1DG,34,49
David Bryant,DN3 1LZ,59,84
Jennifer Freeman,SK103NA,54,33
Nicholas Johnson,PR266PY,75,37
Kyle Maddox,SA4 6HZ,79,72
Scott Miller,WF127YZ,96,78
Carlos Ellis,CA119HH,35,41
Brittney Winters,HU3 3PP,94,86
Jonathan Powers,L35 7JP,82,60
Patrick Goodman,PE262FF,57,76
Matthew Lopez,DN5 7EJ,60,82
Laura Smith,CA124NF,92,34
Robert Owens,SA108YE,65,57
Bradley Gonzales,AB4 4TT,29,96
Julia Johnson,BS993HF,45,26
David Larson,WV4 5XF,54,34
Joshua Melendez,NG219NQ,29,32
Christy Murray,EX152DP,96,38
Susan Love,PO5 2NP,56,57
Terry Valencia,RH4 9EE,62,60
Scott Peterson,AB428JE,82,62
Alexis Maxwell,BN269AD,74,27
Joseph Gallegos,BT515AQ,46,35
Megan Gonzalez DVM,CH8 7AW,36,21
Jennifer Shea,EX2 5FD,44,55
Ms. Michelle Navarro,G42 0EA,50,89
Danielle Miles,SN149NH,74,22
Christopher Miller,CA5 5DP,51,67
Thomas Robinson,HP112BG,57,24
Jim Dorsey,OL102JG,42,61
Wendy Smith,BN1 5RZ,31,26
Matthew Nash,TF136WJ,39,33
Aaron Collins,BA133DN,82,35
Sandra Robbins,SY232EN,73,91
Timothy Raymond,SO9 1WJ,36,31
Olivia Richardson,CT6 5RR,37,75
Brian Stephens,SN5 9UP,60,41
Caitlin Gentry,GL528NF,23,48
Rebecca Ray,SA4 1ED,28,33
Faith Thornton,WD232TW,24,50
Holly Smith,DA4 0DT,56,20
Paula Ortega,SW1P1FT,84,40
Kathryn Wood,BN439SN,38,22
Tracy Campbell,DN311UJ,100,47
Katherine Sullivan,CV319QX,78,42
Nancy Swanson,BR3 9PR,46,82
Heather Jones,WV112BR,90,88
Debra Valdez,DE551RS,21,49
Christopher Fox,PO2 9WU,67,55
Cheryl Cooper,WA167RD,30,52
Mitchell Franklin,NPT 0FE,99,64
David Potter,NE340LJ,34,96
Dennis Jimenez,BT388LD,36,26
Charles Harper,DH3 1PE,84,63
Ryan Strong II,GL6 0SB,71,70
Angela Young,LE7 7GR,95,60
Erika Watson,TD6 9AT,76,51
Madison Johnson,EN4 8DR,97,87
Michael Payne,BT568AU,60,32
Mary Barnes,SO171SG,73,67
Jose Davenport,LE1 9WZ,42,97
Lisa Walker,SN152FL,37,66
Gina Campbell,M3  7WS,44,82
Alexandra Gonzales,SA197DJ,35,57
Karen Fisher,G11 5JE,39,24
Alexander Garcia,G64 4AQ,78,21
Samantha Boone,DE2 6DU,89,67
Shannon Peters,NW2 9QE,73,29
Robert Campbell,RG8 7PU,91,33
Megan Robertson,OX8 2EB,98,65
Chad Jackson,SW100HU,77,39
Kyle West,BA228TX,57,56
Amber Jones,DL2 2AF,26,22
Clinton Brooks,ME124PA,26,27
Jennifer Black,SG128EH,94,85
Kurt Bean,KT172LF,61,28
Jennifer Mills,ML3 6TN,39,41
Justin Anderson,LE4 5WP,99,29
Jamie Mcdowell,NW1 4QB,76,79
Angela Beard,BA4 5SN,26,65
Travis Smith,SN146SW,88,28
Robert Day,SR3 2NQ,65,30
Christopher Hamilton,EN3 4EA,84,71
James Sanchez,TS3 0EN,36,77
Matthew Young,UB6 9UU,78,84
Emily Hernandez,SP1 1QP,65,47
Mrs. Kelsey Lopez DVM,CB2 4PS,88,76
Amber Willis,SL4 3PB,80,89
Destiny Castillo,NG138EZ,49,87
Richard Martin,SK8 5PT,32,60
Seth Brown,SW129YU,25,79
Jerry Edwards,EX327PL,23,57
Jeffrey Sanford,YO130FD,71,100
Chad Lewis,WA102BE,96,29
Brandy Ramirez,BS251HA,26,33
Jennifer Castro,N1P 2YB,70,29
John Bryant,RH138WF,40,73
Christopher Howard,JE4 0ZD,87,65
Victor Park,OL158RL,45,86
Bryan Gonzalez,GL522ZQ,98,63
Thomas Stephens,SO507DZ,93,66
Suzanne Johnson,N16 1HB,87,67
Emily May,LS260SS,48,89
Alan Barnett,SO303NA,33,41
Julie Sanchez,SP8 4HA,32,36
Kyle Stanley,YO127AA,62,45
Michael Page,NN157RG,29,41
Joshua Stein,RH1 2JG,30,100
Jenny Berry,BB5 6SA,85,87
Ashley Kane,SE1 1LA,84,36
Cynthia Chavez,CH309BU,57,71
Donald Miller,BS377SJ,89,86
Cody Love,E1  9QR,67,52
Angela Johnson,EX363FT,90,21
Eric Hubbard,WA105HX,30,77
Christina Foster MD,BS376JD,65,40
Patricia Hoover,NW1 7TL,67,31
Allison Murphy,S8  8PL,67,50
Julie Young,EX246NT,50,26
Cameron Moreno,N19 3AG,91,68
Crystal Reyes,RG422LD,32,93
Kara Holloway,DT9 6DW,91,28
Jesse Buchanan,RM126RL,39,28
Katelyn Hart,BN9 9XT,78,90
Jeffery Reyes,BT234TF,59,37
Denise Hood,HA6 2UY,91,48
Anthony Burnett,AB167GN,72,45
Julia Norris,WA6 6YB,41,90
Nathan Williams,SE161EY,53,46
April Mccullough,ME156YZ,33,45
Jessica Turner,TN231UE,47,57
James Reeves,SE8 4LG,52,95
Karen Marshall,SG120AE,41,39
Wendy Brooks,HP108HL,92,100
Brian Bean,SN3 4AE,31,62
Lisa Santos,NE478AA,26,32
Carlos Santiago,BS110EG,86,43
Chris Brown,M34 2JL,76,24
Jeremiah Kelly,B12 9LH,46,58
Jacqueline Fuentes,AB1 2AG,37,51
Kayla Rogers PhD,NW9 1FW,93,99
Jose Jenkins,SA327JA,72,79
Shannon Reese,M28 8BP,79,64
Kimberly Gonzalez,SE288UT,41,96
Noah Phillips,W8  6HA,23,92
Heather Walters,DL6 2FE,66,83
Thomas Knight,LE160EB,52,85
Maria Morris,AB438YJ,100,69
Leslie Johnson,CR0 4SS,85,23
Kevin Palmer,TN185EU,100,58
Wanda Stone,B36 8LX,41,61
Matthew Barnes,NE109AB,38,58
Cynthia Davis,HP7 9FG,79,63
Troy Garza,KY1 1WJ,55,51
Robert Obrien,NE404QD,93,59
Dominique Holloway,EX215YS,71,46
Mary Manning,S6  3YE,80,93
Jillian Henderson,CB1 6RE,100,25
Carla Fernandez,BT209EE,93,96
Mark Williams,EX215DD,53,80
Bryce Moore,KT198FZ,57,88
Kayla Vazquez,B90 4SA,25,95
Michelle Lee DDS,EH413SQ,68,22
Dillon Daniels,KT125PG,29,93
Joseph Stephenson,BL6 7FN,34,80
Rachel Brown,TW184US,92,24
Natalie York,KY114NY,40,30
Catherine Robinson,GU526WF,100,43
Emma Smith,DY5 1HW,52,73
Angela Castillo,BD8 9HA,91,84
Jon Khan,CW1 6FD,46,76
Ronald Clarke,CH652EG,73,27
Angela Maynard,EC2V6AR,63,46
Terry Mejia,HP220AD,61,51
Christina Barton,HD2 1AD,33,56
John Williamson,TN231PY,28,61
Amber Fields,OX9 4LB,69,59
Andrea Harvey,NG209AF,26,51
Amanda Mejia,CH418EX,98,58
Stephen Smith,SE1 4XJ,48,65
Cindy Martin,L31 2JW,58,95
Kayla Marquez,PE1 3LZ,21,66
Lindsay Castillo,CO130TG,79,22
Christopher Wells,DE5 0TF,53,98
Miranda Diaz,LE144NB,20,70
Susan Smith PhD,CV238ED,100,44
Brian Craig,E2  6LA,86,38
Natasha Thomas,CM112TP,27,52
Kelly Gillespie,WR1 2SD,58,46
Kimberly Rogers,SW8 2BX,64,48
Sierra Riley,RG209FD,28,33
Melissa Phillips,PA191RB,59,97
Daniel Rojas,BB1 1SX,80,72
Wendy Morrow,DN313TR,83,92
Anna Davis,OX181JD,76,76
Janet Carr,TN381DD,92,25
Jonathan Deleon,CO154QT,22,96
James Collins,ML3 6EL,25,20
Richard Palmer,RG204UB,72,100
Chad White,DL5 6LT,48,28
Jake Barnett,BS138DY,29,88
Amanda Williamson,RG214YN,90,40
Eric Ritter,HX1 5YB,57,20
Christina Aguilar,SG4 8JD,51,34
Alexander Lane,AB165QQ,34,26
Mitchell Cline,LS157TQ,50,29
Nicole Griffith,WD231NF,75,77
Laura Crosby,RG109XS,71,84
Joe Carpenter,OX9 3YL,43,76
Jennifer Cox,IG103UQ,33,24
Matthew Nelson,KT3 5YW,68,98
Jennifer Smith,CV339YZ,77,57
Nicole Martin,IP295AL,64,98
Kelly George,CR0 4ZT,60,89
James Brown,CH466FD,56,34
Gary Larsen,LU2 0ZJ,65,88
Michelle Hall,TA219LX,60,39
Dennis Young,SE156EB,80,100
Marissa Harrison,SO5 4AF,37,94
Jessica Rojas,GL519QS,89,67
Caleb White,WD7 8EX,66,80
Christopher Walton,HR2 0HY,89,58
Jake Reynolds,ST5 1QQ,30,90
Danielle Clark,RH163DX,65,20
Kristine Stevenson,NPT 8JN,85,33
Brian Morales,DY9 0BW,22,45
Nicholas Kennedy,OX129GL,40,67
Jacob Day,JE5 0DL,20,96
Scott Bryant,LS8 4HR,65,46
Dr. Donna Henderson,CF5 9HB,49,90
Judith Gaines,SE8 3GB,73,84
Rachel Carr,HD7 6UY,22,40
Edward Turner,TW2 6AU,81,71
Sean Porter,BS153WZ,83,91
Wanda Henry,IP2 0SG,41,46
Scott Mcdaniel,DY121BD,83,96
Meghan Long,G81 2QD,43,45
William Lara,DL128SP,89,63
Judy Hopkins,PE305LZ,69,98
Mr. Oscar Buck,SE129XU,70,78
Henry Dunn,SE7 7TW,36,48
Derrick Anderson,KT168BA,76,37
Bryan Torres,OX106DX,65,49
Kelly Rogers,PO9 3RX,33,24
Jasmine Allen,LL728HL,82,89
Chad Camacho,TN4 8FN,22,43
Robert Stanley,L36 4NR,67,49
Hannah Riley,EH125WD,55,78
Joyce Edwards,BS8 1NG,49,52
Shelby Hall,BS993HQ,75,50
Tiffany Parker,MK442TH,66,77
Michael White,S6  4SW,94,78
Anthony Perez,WA6 6SP,98,92
Hayley Garcia,S18 6AB,81,32
Joshua Vargas,EH545HH,61,46
Nancy Garcia,SL6 0PZ,31,46
Jennifer Donovan,LS9 0TT,72,30
Jessica Mclaughlin,NE216SG,58,84
James Coleman,SO2 6QT,93,93
Kimberly Jordan,AL1 2DD,71,57
Mrs. Angela Elliott,DN174GL,80,70
Jacob Phillips,CT5 2HZ,67,65
Adam Mcdonald,B75 5LW,92,57
Crystal Brown,LL120UG,76,74
Jennifer Miller,PL9 8LB,44,83
Ashley York,SW3 5RJ,94,81
Anthony Henderson,DN212RY,52,57
Michelle Baldwin,LS992RU,76,81
Evan Ford,SO519ZA,78,88
Jack Wilkinson,LS179AQ,39,68
Mary Schultz,KT2 6LH,76,92
Brittany Pugh,HX4 8JS,61,22
Brenda Thornton,HX3 5QG,31,32
Hailey Barnes DVM,M9  7FE,92,51
Bianca Vasquez,TS6 7NB,95,53
Samantha Reynolds,EX1 2BD,72,74
Susan Garcia,DE126RB,40,67
Raymond Johnson,SK123EZ,80,55
Holly Cochran,LE676JU,62,23
Joseph Reynolds,CV2 3LF,37,93
Dana Farley,SE120AG,68,45
Donna Reeves,BH106JX,82,100
Mckenzie Combs,SS5 9BF,72,94
Jose Williams,CM1 2DA,83,69
Mike Sanders,OX4 5NL,77,31
Brett White,HA3 8SH,77,28
Richard Solomon,SR6 9BY,21,55
Mr. Anthony Bailey DDS,YO1 1GR,60,93
John Friedman,CA287BB,93,74
Edward White,TN6 2PT,63,93
Walter Griffin,NE120XT,80,65
Sean Price,CW1 3HZ,57,66
Brooke Johnson MD,BD200DL,41,20
Steven Jones,LE113GW,81,20
Nancy Evans,NG208GD,73,63
Kevin Lopez,NG190ES,24,48
Martha Holder,AL3 5ZJ,77,98
Jennifer Alvarado,NR2 3UE,63,39
Brooke Owens,AB537GB,93,32
Michael West,SA1 7AE,23,37
Sara Tran,L18 4RL,59,69
Scott Rios,M19 1WA,55,41
Brittany Taylor,UB111HL,74,41
Nicholas Chang,TS3 0LQ,95,34
Matthew Flynn,ME157RJ,43,95
Christopher Smith,NP254HU,60,41
Emily Nelson,SS7 3DD,24,72
Timothy Noble,TS260YF,61,84
Elizabeth Meyer,WF149PQ,67,69
Dr. Stephanie Hernandez MD,RG146RB,54,26
Adam Barber,PO193FL,53,43
Nathan Hardin,BT717HN,64,41
Amy Mcgrath,G40 4DZ,65,97
Stephen Davis,SW1P9NJ,63,98
Kimberly Williams,NG1 4AQ,81,32
Joseph Dixon,DA100HY,99,42
Austin Weaver,ST5 3SL,42,70
Benjamin Turner,NN111EJ,43,88
Michael Cooper,G83 8BE,68,83
Robert Hart,ME5 7RJ,26,98
Amy Jackson,PL159YH,27,22
Krystal Silva,EC1P1EN,66,76
Dillon Cross,SN1 4GG,25,66
Scott Anderson,M40 9WY,81,100
Jessica Williams,M32 8LZ,84,80
Rhonda Evans,GL5 3EG,98,37
Debra Ray,S65 2BB,94,31
Laura Reyes,LS236SE,94,70
Mrs. Monique Campbell,IP3 9QG,32,94
George Hodges,BS169SQ,28,52
Jillian Morris,BT717DQ,55,86
David Marshall,PA5 8UJ,81,60
Mrs. Brittany Pennington,SW114FL,77,86
Zachary Sampson,CV2 2FS,27,74
Paula Berg MD,YO6 5AF,84,25
Erin Evans,CF5 1YH,71,96
Brian Russell,BS7 0DW,27,48
Thomas Duncan,ME137TB,51,36
Tara Miller,SA108HW,33,59
Heather Castillo,NW106JG,47,89
Brenda Floyd,DL4 2JS,34,70
Christy Smith,EH482PW,71,96
Daniel Galloway,SP9 7GN,27,99
Ryan Thomas,BN164AX,47,65
Pamela Romero,IP190JD,24,86
Terry Taylor,GU341LP,82,26
Samuel Rosario,DE143NF,95,28
Lauren Schmidt,CF102RJ,20,78
Rebekah Savage,SG1 9BA,91,51
Larry Romero,OX2 6EE,81,82
Jason Williams,CV376GB,81,63
Jennifer Stevens,OX5 1RW,100,69
Juan Garner,DH8 5HY,99,60
Alvin Johnson,CV114AY,76,56
Elizabeth Taylor,DG1 9SG,100,28
Amanda Camacho,SW100NG,48,47
Karen French,NP448UD,33,63
Sierra Mitchell,WA1 3JD,23,79
Frank Johnson,GU227RU,89,29
Kathleen Delgado,TR165DA,27,65
David Rowe,DT4 8LB,53,97
Tammy Ramirez,CR2 0JP,98,94
Emily Hall,WC1H8AU,89,79
Alexis Mann,BS6 9RD,57,78
Charles Ward,NPT 4LY,58,98
Tom Moore,DL1 4NE,93,58
Jessica Garcia,EX7 9NH,38,53
Nathan Rocha,LE7 9BW,54,71
Sydney Jackson,TN330BY,27,83
Tiffany Parsons,BR6 1BG,52,41
Danny Vasquez,TS3 0SJ,80,56
Sharon Knight,RM9 6JZ,33,28
Margaret White,EC2A3QW,38,96
Michaela Smith,BH9 3ZJ,72,35
Thomas Martinez,NG118NN,68,63
David Austin,BS9 1JL,66,95
Jeffrey Price,WA6 0DE,97,53
John Ray,SS129HW,64,37
Jose Lane,S71 5HQ,56,22
Alexander Beck,EX5 1QG,20,39
Valerie Walton,SL6 9RF,91,93
Jonathan Gregory,NW1 9NR,87,55
Laura Lopez,NG241SA,88,91
Deborah Jackson,BN161BB,41,86
Brenda Hall,PR4 1EQ,66,64
William Stuart,BN273XU,93,60
Michael Harper,SK1 1RW,67,26
Angie Bentley,NE270AZ,80,70
Tonya Jones,BA3 1NB,49,70
Christopher Collins Jr.,LS3 1BX,28,87
Timothy Cook,PL206PS,41,73
Ashley Medina,CF5 4QX,65,80
Charles Kent,DY138JG,53,75
Gregory Webster,YO127XU,58,63
Jason Wilson,B49 9BD,46,53
Chad Simmons,BT514TJ,27,51
Tonya Davis,WV2 1XB,49,70
Katherine Peck,SE122BN,74,66
Stephanie Pena,GU146DD,40,80
Virginia Lane,PE173XL,83,99
Marissa Andrade,GL504DN,36,60
Caleb Williams,M32 0TZ,66,100
Henry Kim,CF3 5RB,43,54
Anthony Jones,CT7 9GF,28,82
Cody Travis,AB424WE,58,37
Thomas Powell,SE135FT,69,51
Sabrina Conner,HX2 6UH,25,34
Jordan Johnson,DD6 8DP,76,57
Gwendolyn Mooney,M9  2HS,30,29
Charlotte Flores,PE113NN,47,66
Jonathan Holmes,RG422QT,99,66
Taylor Dean,LE127BG,39,44
Lisa Garner,GL155JF,29,75
Daniel Chen,SO239TD,47,84
Daniel Black,ST6 5HR,59,43
Robert Lee,BS233AU,90,79
Emily Hood,UB3 3HE,82,70
Jeremy Johnson,B1  2NL,80,43
Angela Barrett,W1K 4PS,66,72
Brittany Smith,E15 4RY,89,53
Marcus Mitchell,BN159FS,48,43
John Wilson,NR134SW,40,84
Patrick Hensley,CV349JF,25,50
Donna Allen,NR323PE,98,32
Julia Taylor,L30 4UG,96,45
Amanda Johnson,PA113LB,98,99
Christine Romero,ML5 5HG,93,100
Jennifer Little,DT9 6JY,61,24
Mary Wright,WF102FW,77,58
Mary Powell,PE129ED,82,92
Mia Archer,BT499LS,26,83
Michelle Waters,W3  7TH,100,65
Stacy Franco,HU143RL,96,84
Ann Davis,CW2 6FP,77,23
Scott Taylor,PE1 5PD,66,41
Amanda Lopez,TS104RB,62,25
Brandon Brown,WR9 0EL,39,85
Nicholas Davis,CV8 1JN,83,63
Matthew Russell,NW1 4PP,71,68
Becky Brown,G15 8AN,65,23
Michael Thompson,S75 3NG,93,41
Sylvia Harrell,L6  2EN,64,40
Dawn Beard,RG3 4LX,98,100
Arthur Fisher,B13 9EE,74,32
Lisa Ramirez,MK3 7UQ,68,86
Erin Martin,RG7 1WQ,37,78
David Reid,HS8 5RD,74,71
Joshua Pena DDS,WA143ED,90,24
Michael Ward,CV6 1BY,81,37
Jessica Schmidt,CV7 9QT,44,67
Arthur Kennedy,OX2 0JF,49,71
David Abbott,BL9 9SQ,76,47
Jamie Moreno,BB114LG,58,69
Ruth Anderson,LL413HE,90,70
Lisa Duarte,SK145AL,49,83
Rodney Phillips,EN110ZD,99,30
Nancy Lopez,SK7 6LU,51,37
Michael Lewis,DN147UQ,73,54
Andrew Ford,KT190AD,30,69
Paul Nguyen,NR135RW,21,39
Keith Michael,SA2 9LX,62,32
Debbie Parks,S63 6PD,98,63
Kimberly Edwards,BD226QG,22,57
Rebecca Henderson,B23 6LU,30,53
Tiffany Mitchell,WA1 3TF,99,26
Daniel Moore,WF169JS,80,46
Katherine Smith,BH122LT,50,36
Sean Smith,EX8 3YY,52,24
Sean Morgan,M9  2WE,49,91
Cheryl Martinez,L48 4EP,55,84
Lisa Moreno MD,EH332LF,61,72
Benjamin Hudson,BS121RX,73,60
Wanda Anderson,CF8 9LL,36,37
Raymond Brown,BS495JN,64,73
Priscilla Reed,WS1 9FD,47,98
Adrienne Sanchez,LS211RA,32,100
John Mcdonald,CO7 0NR,41,25
Jonathan Miller,CB2 3EJ,56,53
Brenda Allen,RM154SP,81,32
Holly Hudson,M46 0JP,90,84
Tina Smith,RH2 9WS,30,28
John Burns,EX4 8QW,98,56
James Williams,CF356NJ,27,48
Brenda Curtis,DG8 6LZ,84,98
Michelle Sanchez,SG1 1RH,47,91
Alex Salas,ST174NL,31,54
Raymond Spencer,BS209HZ,97,76
Ms. Elizabeth Snyder,PE140RJ,91,21
Wesley Jackson,SW139NF,97,36
John Cervantes,LA127TR,82,99
Sara Robinson,IP142HW,80,49
Elizabeth Bennett,FY5 5JJ,49,75
Jacob Williams,LE1 9WP,26,55
Becky Cruz,CM187RE,47,20
Matthew Hunter,B91 1BU,48,65
Benjamin Lewis Jr.,NP1 4NP,56,86
Crystal Lewis,SW184AW,52,96
Patricia Rhodes,SE4 2QW,92,71
Daniel Riddle,ME5 8FB,44,27
Samuel Clarke,SO143AN,23,59
Richard Horn,SW114FP,78,57
Christina Cole,CH633EJ,53,41
Dustin Smith,IP288AN,45,60
Devon Owens,LS196YF,30,29
Duane Green,N6  6AG,51,81
Laura Vasquez,CF3 9WR,44,30
Edward Townsend,DY117AB,52,69
Marissa Frazier,W1F 7AR,48,97
Scott Edwards,TR208LL,47,40
Nathan Hall,SP117WU,69,59
Peter Wiley,RH123LW,62,39
Monique Gardner,TN290EG,37,34
Jose Humphrey,LE5 6PT,96,35
Tina Gillespie,BN162UE,24,30
Joshua Taylor,RG199DQ,58,41
Jennifer Fisher,CV136LP,41,86
Leah Hicks,LS7 3XZ,72,40
Jordan Mcdaniel,TR261LR,95,94
Randall Roberts,IP5 3QZ,73,30
Eric Harper,DL3 9PZ,59,40
Melissa Summers,RM8 3DB,86,81
Amanda Harper,BN998DZ,28,41
Leslie Sanford,DL104SE,55,35
Joseph Hines,NP1 8NX,75,67
Matthew Davis,TN139RE,29,57
Deborah Scott,BB6 8HB,75,99
Miss Valerie Thomas DVM,GU3 3PS,80,57
Katherine Porter,TD5 7JW,29,23
